149, Scen, 464, 556, 0, 66536, 0, 0, 0, 0, 0, 0, 0, 0, 0, 0, 0, 0, 0, 0, 0, 0, 0, 0, 0, 0, 0, 0, 0, 0, 0, 0, 0, 0, 0, 0, 0, 0, 0, 0, 0, 0, 0, 0, 0, 0, 0, 0, 0, 0, 0, 0, 0, 0, 0, 0, 0, 0, 0, 0, 0, 0, 0, 0, 0, 0, 0, 0, 0, 0, 0, 0, 0, 0, 0, 0, 0, 0, 0, 0, 0, 0, 0, 0, 0, -1, Anim, 0, 0, 0, 0, 0, 0, 0, 0, 0, 0, 0, 0, 0, 0, 0, 0, 0, 0, 0, 0, 0, HEnd
150, Scen, 592, 820, 0, 35600, 0, 1396, 1496, 1672, 1584, 1852, 1952, 2128, 2040, 2308, 2412, 22200, 22288, 0, 22844, 22944, 23032, 23120, 23300, 23400, 23488, 23576, 23756, 23856, 24032, 23944, 0, 24588, 24776, 24688, 24864, 25044, 25144, 25232, 25320, 25500, 25604, 35424, 35512, 0, 0, 0, 0, 0, 0, 0, 0, 0, 0, 0, 0, 0, 0, 0, 0, 0, 0, 0, 0, 0, 0, 0, 0, 0, 0, 0, 0, 0, 0, 0, 0, 0, 0, 0, 0, 0, 0, 0, 0, -1, Anim, 0, 0, 0, 0, 0, 0, 0, 0, 0, 0, 0, 0, 0, 0, 0, 0, 0, 0, 0, 0, 0, 0, 0, 0, 0, 0, 0, 0, 0, 0, 0, 0, 0, 0, 0, 0, 0, 0, 0, 0, 0, 0, 0, 0, 0, 0, 0, 0, 0, 0, 0, 0, 0, HEnd
152, Scen, 888, 1196, 1104, 95384, 0, 0, 0, 0, 0, 0, 0, 0, 0, 49916, 50012, 0, 0, 0, 0, 0, 0, 0, 0, 0, 0, 0, 24316, 24412, 0, 0, 0, 0, 0, 0, 0, 0, 0, 0, 0, 1496, 1780, 1692, 1604, 0, 0, 0, 0, 0, 0, 0, 0, 0, 73188, 95296, 73292, 73380, 0, 0, 0, 0, 0, 0, 0, 0, 0, 0, 0, 0, 0, 0, 0, 0, 0, 0, 0, 0, 0, 0, 0, 0, 0, 0, 0, -1, Anim, 0, 0, 0, 0, 0, 0, 0, 0, 0, 0, 0, 0, 0, 0, 0, 0, 0, 0, 0, 0, 0, 0, 0, 0, 0, 0, 0, 0, 0, 0, 0, 0, 0, 0, 0, 0, 0, 0, 0, 0, 0, 0, 0, 0, 0, 0, 0, 0, 0, 0, 0, 0, 0, 0, 0, 0, 0, 0, 0, 0, 0, 0, 0, 0, 0, 0, 0, 0, 0, 0, 0, 0, 0, 0, 0, 0, 0, 0, 0, 0, 0, 0, 0, 0, 0, 0, 0, 0, 0, 0, 0, 0, 0, 0, 0, 0, 0, 0, 0, 0, 0, 0, 0, 0, 0, 0, 0, 0, 0, 0, 0, 0, 0, 0, 0, 0, 0, 0, 0, 0, 0, 0, 0, 0, 0, 0, 0, HEnd
153, Scen, 492, 708, 0, 3024, 0, 5784, 5888, 6064, 5976, 6332, 6428, 6152, 6516, 6696, 6800, 6976, 7064, 6888, 10464, 10568, 10656, 10748, 9824, 10108, 10020, 9932, 11104, 30952, 11208, 11296, 0, 1288, 1572, 1484, 1396, 1928, 2212, 2124, 2036, 2568, 2848, 2672, 2760, 2936, 3580, 3776, 3688, 3864, 4220, 4504, 4416, 4328, 4860, 5140, 4964, 5052, 5228, 7620, 7904, 7816, 7728, 8260, 8544, 8456, 8368, 8900, 9180, 9004, 9092, 9268, 0, 0, 0, 0, 0, 0, 0, 0, 0, 0, 0, 0, 0, -1, Anim, 0, 0, 0, 0, 0, 0, 0, 0, 0, 0, 0, 0, 0, 0, 0, 0, 0, 0, 0, 0, 0, 0, 0, 0, 0, 0, 0, 0, HEnd
156, Scen, 512, 728, 0, 81416, 0, -2147483646, 84176, 84280, 84456, 84368, 84724, 84820, 84544, 84908, 85088, 85192, 85368, 85456, 85280, -2147483648, 48560, 0, 48756, 48668, 65396, 0, 65592, 65504, 3324, 3608, 3432, 3520, 0, -2147483644, 1308, 1592, 1504, 1416, 1948, 2232, 2144, 2056, 2588, 2868, 2692, 2780, 2956, -2147483638, 81972, 82168, 82080, 82256, 82612, 82896, 82808, 82720, 83252, 83532, 83356, 83444, 83620, -2147483647, 86012, 86296, 86208, 86120, 86652, 86936, 86848, 86760, 87292, 87572, 87396, 87484, 87660, -2147482648, 0, 0, 0, 0, 0, 0, 0, 0, 0, 0, 0, 0, 0, -1, Anim, 0, 0, 0, 0, 0, 0, 0, 0, 0, 0, 0, 0, 0, 0, 0, 0, 0, 0, 0, 0, 0, 0, 0, 0, 0, 0, 0, 0, 0, 0, 0, 0, 0, 0, 0, HEnd
281, Scen, 484, 576, 73856, 121528, 0, 0, 0, 0, 0, 0, 0, 0, 0, 0, 0, 0, 0, 0, 0, 0, 0, 0, 0, 0, 0, 0, 0, 0, 0, 0, 0, 0, 0, 0, 0, 0, 0, 0, 0, 0, 0, 0, 0, 0, 0, 0, 0, 0, 0, 0, 0, 0, 0, 0, 0, 0, 0, 0, 0, 0, 0, 0, 0, 0, 0, 0, 0, 0, 0, 0, 0, 0, 0, 0, 0, 0, 0, 0, 0, 0, 0, 0, 0, -1, Anim, 0, 0, 0, 0, 0, 0, 0, 0, 0, 0, 0, 0, 0, 0, 0, 0, 0, 0, 0, 0, 0, 0, 0, 0, 0, 0, HEnd
282, Scen, 472, 564, 0, 132784, 0, 0, 0, 0, 0, 0, 0, 0, 0, 0, 0, 0, 0, 0, 0, 0, 0, 0, 0, 0, 0, 0, 0, 0, 0, 0, 0, 0, 0, 0, 0, 0, 0, 0, 0, 0, 0, 0, 0, 0, 0, 0, 0, 0, 0, 0, 0, 0, 0, 0, 0, 0, 0, 0, 0, 0, 0, 0, 0, 0, 0, 0, 0, 0, 0, 0, 0, 0, 0, 0, 0, 0, 0, 0, 0, 0, 0, 0, 0, -1, Anim, 0, 0, 0, 0, 0, 0, 0, 0, 0, 0, 0, 0, 0, 0, 0, 0, 0, 0, 0, 0, 0, 0, 0, HEnd
283, Scen, 488, 580, 40056, 0, 0, 0, 0, 0, 0, 0, 0, 0, 0, 0, 0, 0, 0, 0, 0, 0, 0, 0, 0, 0, 0, 0, 0, 0, 0, 0, 0, 0, 0, 0, 0, 0, 0, 0, 0, 0, 0, 0, 0, 0, 0, 0, 0, 0, 0, 0, 0, 0, 0, 0, 0, 0, 0, 0, 0, 0, 0, 0, 0, 0, 0, 0, 0, 0, 0, 0, 0, 0, 0, 0, 0, 0, 0, 0, 0, 0, 0, 0, 0, -1, Anim, 0, 0, 0, 0, 0, 0, 0, 0, 0, 0, 0, 0, 0, 0, 0, 0, 0, 0, 0, 0, 0, 0, 0, 0, 0, 0, 0, HEnd
284, Scen, 500, 592, 0, 53088, 0, 0, 0, 0, 0, 0, 0, 0, 0, 0, 0, 0, 0, 0, 0, 0, 0, 0, 0, 0, 0, 0, 0, 0, 0, 0, 0, 0, 0, 0, 0, 0, 0, 0, 0, 0, 0, 0, 0, 0, 0, 0, 0, 0, 0, 0, 0, 0, 0, 0, 0, 0, 0, 0, 0, 0, 0, 0, 0, 0, 0, 0, 0, 0, 0, 0, 0, 0, 0, 0, 0, 0, 0, 0, 0, 0, 0, 0, 0, -1, Anim, 0, 0, 0, 0, 0, 0, 0, 0, 0, 0, 0, 0, 0, 0, 0, 0, 0, 0, 0, 0, 0, 0, 0, 0, 0, 0, 0, 0, 0, 0, HEnd
285, Scen, 436, 528, 0, 142920, 0, 0, 0, 0, 0, 0, 0, 0, 0, 0, 0, 0, 0, 0, 0, 0, 0, 0, 0, 0, 0, 0, 0, 0, 0, 0, 0, 0, 0, 0, 0, 0, 0, 0, 0, 0, 0, 0, 0, 0, 0, 0, 0, 0, 0, 0, 0, 0, 0, 0, 0, 0, 0, 0, 0, 0, 0, 0, 0, 0, 0, 0, 0, 0, 0, 0, 0, 0, 0, 0, 0, 0, 0, 0, 0, 0, 0, 0, 0, -1, Anim, 0, 0, 0, 0, 0, 0, 0, 0, 0, 0, 0, 0, 0, 0, HEnd
286, Scen, 464, 556, 0, 71912, 0, 0, 0, 0, 0, 0, 0, 0, 0, 0, 0, 0, 0, 0, 0, 0, 0, 0, 0, 0, 0, 0, 0, 0, 0, 0, 0, 0, 0, 0, 0, 0, 0, 0, 0, 0, 0, 0, 0, 0, 0, 0, 0, 0, 0, 0, 0, 0, 0, 0, 0, 0, 0, 0, 0, 0, 0, 0, 0, 0, 0, 0, 0, 0, 0, 0, 0, 0, 0, 0, 0, 0, 0, 0, 0, 0, 0, 0, 0, -1, Anim, 0, 0, 0, 0, 0, 0, 0, 0, 0, 0, 0, 0, 0, 0, 0, 0, 0, 0, 0, 0, 0, HEnd
287, Scen, 392, 484, 708, 4408, 0, 0, 0, 0, 0, 0, 0, 0, 0, 0, 0, 0, 0, 0, 0, 0, 0, 0, 0, 0, 0, 0, 0, 0, 0, 0, 0, 0, 0, 0, 0, 0, 0, 0, 0, 0, 0, 0, 0, 0, 0, 0, 0, 0, 0, 0, 0, 0, 0, 0, 0, 0, 0, 0, 0, 0, 0, 0, 0, 0, 0, 0, 0, 0, 0, 0, 0, 0, 0, 0, 0, 0, 0, 0, 0, 0, 0, 0, 0, -1, Anim, 0, 0, 0, HEnd
288, Scen, 504, 812, 720, 43464, 0, 21928, 22032, 22208, 22120, 22476, 22572, 22296, 22660, 22840, 22944, 23032, 23120, 0, 20092, 20192, 20280, 20368, 20548, 20648, 20736, 20824, 21004, 21108, 21284, 21196, 21372, 1388, 1576, 1488, 1664, 1844, 1944, 2032, 2120, 2300, 2404, 2580, 2668, 2492, 3224, 3324, 3412, 3500, 3680, 3780, 3868, 3956, 4136, 0, 4328, 4240, 19536, 0, 0, 0, 0, 0, 0, 0, 0, 0, 0, 0, 0, 0, 0, 0, 0, 0, 0, 0, 0, 0, 0, 0, 0, 0, 0, -1, Anim, 0, 0, 0, 0, 0, 0, 0, 0, 0, 0, 0, 0, 0, 0, 0, 0, 0, 0, 0, 0, 0, 0, 0, 0, 0, 0, 0, 0, 0, 0, 0, HEnd
289, Scen, 844, 1152, 1060, 95352, 0, 0, 0, 0, 0, 0, 0, 0, 0, 49884, 49980, 0, 0, 0, 0, 0, 0, 0, 0, 0, 0, 0, 24284, 24380, 0, 0, 0, 0, 0, 0, 0, 0, 0, 0, 0, 1464, 1748, 1660, 1572, 0, 0, 0, 0, 0, 0, 0, 0, 0, 73156, 95264, 73260, 73348, 0, 0, 0, 0, 0, 0, 0, 0, 0, 0, 0, 0, 0, 0, 0, 0, 0, 0, 0, 0, 0, 0, 0, 0, 0, 0, 0, -1, Anim, 0, 0, 0, 0, 0, 0, 0, 0, 0, 0, 0, 0, 0, 0, 0, 0, 0, 0, 0, 0, 0, 0, 0, 0, 0, 0, 0, 0, 0, 0, 0, 0, 0, 0, 0, 0, 0, 0, 0, 0, 0, 0, 0, 0, 0, 0, 0, 0, 0, 0, 0, 0, 0, 0, 0, 0, 0, 0, 0, 0, 0, 0, 0, 0, 0, 0, 0, 0, 0, 0, 0, 0, 0, 0, 0, 0, 0, 0, 0, 0, 0, 0, 0, 0, 0, 0, 0, 0, 0, 0, 0, 0, 0, 0, 0, 0, 0, 0, 0, 0, 0, 0, 0, 0, 0, 0, 0, 0, 0, 0, 0, 0, 0, 0, 0, 0, HEnd
290, Scen, 496, 896, 712, 808, 0, 1500, 1604, 1780, 1692, 2048, 2144, 1868, 2232, 2412, 2516, 22304, 22392, 0, 23124, 23224, 23312, 23400, 23580, 23680, 23768, 23856, 24036, 24140, 24316, 24228, 0, 0, 0, 0, 0, 0, 0, 0, 0, 0, 0, 0, 0, 0, 0, 0, 0, 0, 0, 0, 0, 0, 0, 0, 0, 0, 0, 0, 0, 0, 0, 0, 0, 0, 0, 0, 0, 0, 0, 0, 0, 0, 0, 0, 0, 0, 0, 0, 0, 0, 0, 0, 0, -1, Anim, 0, 0, 0, 0, 0, 0, 0, 0, 0, 0, 0, 0, 0, 0, 0, 0, 0, 0, 0, 0, 0, 0, 0, 0, 0, 0, 0, 0, 0, HEnd
291, Scen, 432, 652, 0, 57944, 0, 23836, 23940, 24116, 24028, 24384, 24480, 24204, 24568, 24748, 24852, 44640, 44728, 0, 13380, 13480, 13568, 13656, 13836, 13936, 14024, 14112, 14292, 14396, 14572, 14484, 0, 58500, 58688, 58600, 58776, 58956, 59056, 59144, 59232, 59412, 59516, 69336, 69424, 0, 45284, 45384, 45472, 45560, 45740, 45840, 45928, 46016, 46196, 46476, 46388, 46300, 0, 1232, 1516, 1428, 1340, 1872, 2156, 2068, 1980, 2512, 2792, 2616, 2704, 0, 0, 0, 0, 0, 0, 0, 0, 0, 0, 0, 0, 0, 0, -1, Anim, 0, 0, 0, 0, 0, 0, 0, 0, 0, 0, 0, 0, 0, HEnd
292, Scen, 588, 804, 0, 44656, 0, 1376, 1476, 1652, 1564, 1832, 1932, 2108, 2020, 2288, 2392, 22176, 22264, 0, 22820, 22920, 23008, 23096, 23276, 23376, 23464, 23552, 23732, 23836, 24012, 23924, 0, 33276, 33472, 33384, 33560, 33916, 34024, 34112, 34200, 34556, 34660, 44480, 44568, 0, 0, 0, 0, 0, 0, 0, 0, 0, 0, 0, 0, 0, 0, 0, 0, 0, 0, 0, 0, 0, 0, 0, 0, 0, 0, 0, 0, 0, 0, 0, 0, 0, 0, 0, 0, 0, 0, 0, 0, -1, Anim, 0, 0, 0, 0, 0, 0, 0, 0, 0, 0, 0, 0, 0, 0, 0, 0, 0, 0, 0, 0, 0, 0, 0, 0, 0, 0, 0, 0, 0, 0, 0, 0, 0, 0, 0, 0, 0, 0, 0, 0, 0, 0, 0, 0, 0, 0, 0, 0, 0, 0, 0, 0, HEnd
293, Scen, 496, 712, 0, 3028, 0, 5788, 5892, 6068, 5980, 6336, 6432, 6156, 6520, 6700, 6804, 6980, 7068, 6892, 10468, 10576, 10664, 10928, 9828, 10112, 10024, 9936, 11108, 31280, 11212, 11300, 0, 1292, 1576, 1488, 1400, 1932, 2216, 2128, 2040, 2572, 2852, 2676, 2764, 2940, 3584, 3780, 3692, 3868, 4224, 4508, 4420, 4332, 4864, 5144, 4968, 5056, 5232, 7624, 7908, 7820, 7732, 8264, 8548, 8460, 8372, 8904, 9184, 9008, 9096, 9272, 0, 0, 0, 0, 0, 0, 0, 0, 0, 0, 0, 0, 0, -1, Anim, 0, 0, 0, 0, 0, 0, 0, 0, 0, 0, 0, 0, 0, 0, 0, 0, 0, 0, 0, 0, 0, 0, 0, 0, 0, 0, 0, 0, 0, HEnd